COMPLEX_NAME,FACILITY_TYPE,TIER,ADDRESS,ORG,TYP_OF_ORG,STEWARD,OPER,LABEL,WEBSITE,PHONE,NOTES,GYM,GYMNAST_FAC,FITNSS_WGHT,FIT_STUDIO,MULTI_PURP_ROOMS,MEET_ROOMS,INDR_POOL,OUTDR_POOL,FW_25M,FW_50M,FW_18M,LANES_POOL,TEACH_POOL,WAVE_POOL,OTHER_POOL,INDR_WAD_POOL,DIVING_TANK,SPRINGBOARD,PLATFORM,DIVE_SLIDE,PLAY_SLIDE,ROPE_SWING,STEAM,HOT_TUB,SAUNA,CLIMB_WALL,TRACK_INDR,OUTDR_WAD_POOL,SPRAY_PARK,ICE_INDR,STAND_ICE,NHL_ICE,OLYMP_ICE,FIG_SKATING,CURL_RNK,CURL_SHEETS,INDR_SURFACE,INDR_TURF,DRY_PAD,RACQFAC_INDR,SQUASH_CRTS,RAQBALL_CRTS,BADMINT_CRTS,TENNIS_CRT,OUTDR_FIELD,ARTF_TURF_OUTDR,DIAM_FAC_OUTDR,TRACK_OUTDR,PUBLIC_GLF,SEMI_PRIV_GLF,HOLE_18,HOLE_9,DRIVERANG_OUTDR,DRIVERANG_INDR,SKI_NORDICTRCK,MUNICPAL_OP,NOTPROFIT_OP,PROFIT_OP,PRIVATE_OP,longitude,latitude,location,,
Crowfoot Arena,Arena,,8080 JOHN LAURIE BV NW,SRG,Not-for-Profit,Parks,Crowfoot Minor Hockey Assoc.,Crowfoot Arena,http://www.crowfootarena.com/,403-241-1818,Ice rink,0,N,N,0,0,0,N,N,0,0,0,0,N,N,N,N,N,N,N,0,0,N,N,N,N,N,N,N,N,Y,1,0,0,Y,N,0,N,0,0,N,0,0,0,0,N,0,N,N,N,N,N,N,N,N,N,N,Y,N,N,-114.195055509817,51.12855089347,"(51.12855089347, -114.195055509817)",,
Valleyview Spray Park,Spray Park,,28 ST SE & 30 AV SE,Parks,Municipal,Parks,Parks,Valleyview Spray Park,https://www.calgary.ca/CSPS/Parks/Pages/Locations/SE-parks/Valleyview-Park.aspx,,,0,N,N,0,0,0,N,N,0,0,0,0,N,N,N,N,N,N,N,0,0,N,N,N,N,N,N,N,Y,N,0,0,0,N,N,0,N,0,0,N,0,0,0,0,N,0,N,N,N,N,N,N,N,N,N,Y,Y,N,N,-113.994018212921,51.0265060977398,"(51.0265060977398, -113.994018212921)",,
Southwood Skatepark,Skate Park,,11 SACKVILLE DR SW,Parks,Municipal,Parks,Parks,Southwood Skatepark,https://www.calgary.ca/CSPS/Recreation/Pages/Skateparks/Home.aspx?redirect=/skateparks,,,0,N,N,0,0,0,N,N,0,0,0,0,N,N,N,N,N,N,N,0,0,N,N,N,N,N,N,N,N,N,0,0,0,N,N,0,N,0,0,N,0,0,0,0,N,0,N,N,N,N,N,N,N,N,N,Y,N,N,N,-114.087200343881,50.9560810753955,"(50.9560810753955, -114.087200343881)",,
Inglewood Golf & Curling Club,Golf Course - Semi-Private,,19 GOSLING WY SE,Private,Profit,Parks,Inglewood Golf & Curling Club,Inglewood Golf & Curling Club,http://www.inglewoodgolfclub.ca/,403-272-4363,"18 hole, driving range",0,N,N,0,0,0,N,N,0,0,0,0,N,N,N,N,N,N,N,0,0,N,N,N,N,N,N,N,N,N,0,0,0,N,Y,6,N,0,0,N,0,0,0,0,N,0,N,N,N,Y,Y,N,Y,N,N,N,N,Y,Y,-114.002122662142,51.0326066156029,"(51.0326066156029, -114.002122662142)",,
Big Marlborough Park,Outdoor Skating Rink,,755 MADEIRA DR NE,Parks,Municipal,Parks,Parks,Big Marlborough Park,https://www.calgary.ca/CSPS/Parks/Pages/Locations/NE-parks/Big-Marlborough-Park.aspx,,,0,N,N,0,0,0,N,N,0,0,0,0,N,N,N,N,N,N,N,0,0,N,N,N,N,N,N,N,N,N,0,0,0,N,N,0,N,0,0,N,0,0,0,0,N,0,N,N,N,N,N,N,N,N,N,Y,N,N,N,-113.945167126546,51.0592901283396,"(51.0592901283396, -113.945167126546)",,
Murray Copot Arena,Arena,,6715 CENTRE ST NW,Recreation,Municipal,Recreation,Recreation,Murray Copot Arena,https://www.calgary.ca/CSPS/Recreation/Pages/Arenas/Murray-Copot.aspx,403-268-2489,185'x85' ice rink (300 seat cap),0,N,N,0,0,0,N,N,0,0,0,0,N,N,N,N,N,N,N,0,0,N,N,N,N,N,N,N,N,Y,1,0,0,N,N,0,N,0,0,N,0,0,0,0,N,0,N,N,N,N,N,N,N,N,N,Y,N,N,N,-114.065716270825,51.112836016031,"(51.112836016031, -114.065716270825)",,
Rose Kohn Arena,Arena,,502 HERITAGE DR SW,Recreation,Municipal,Recreation,Recreation,Rose Kohn and Jimmy Condon Arenas,https://www.calgary.ca/CSPS/Recreation/Pages/Arenas/Rose-Kohn-and-Jimmie-Condon.aspx,403-268-2489,"185'x85' ice rink (220 seat cap), 2 meeting rooms",0,N,N,0,0,2,N,N,0,0,0,0,N,N,N,N,N,N,N,0,0,N,N,N,N,N,N,N,N,Y,1,0,0,N,N,0,N,0,0,N,0,0,0,0,N,0,N,N,N,N,N,N,N,N,N,Y,N,N,N,-114.074894865431,50.9804750315209,"(50.9804750315209, -114.074894865431)",,
Optimist Arena,Arena,,5020 26 AV SW,Recreation,Municipal,Recreation,Recreation,Optimist and George Blundun Arenas,https://www.calgary.ca/CSPS/Recreation/Pages/Arenas/Optimist-and-George-Blundun.aspx,403-268-2489,185'x85' ice rink (300 seat cap) meeting room,0,N,N,0,0,1,N,N,0,0,0,0,N,N,N,N,N,N,N,0,0,N,N,N,N,N,N,N,N,Y,1,0,0,N,N,0,Y,0,1,N,0,0,0,0,N,0,N,N,N,N,N,N,N,N,N,Y,N,N,N,-114.160125178871,51.0322952963629,"(51.0322952963629, -114.160125178871)",,
West Hillhurst CA,Arena,,1940 6 AV NW,CA,Not-for-Profit,Recreation,West Hillhurst CA,West Hillhurst CA,http://www.westhillhurst.com/,403-283-0464,"Ice rink / dry pad, gym, fitness/weights, dance studio, 3 squash courts, 3 tennis courts",1,N,Y,0,0,0,N,N,0,0,0,0,N,N,N,N,N,N,N,0,0,N,N,N,N,N,N,N,N,Y,1,0,0,N,N,0,Y,0,1,Y,3,0,0,3,N,0,N,N,N,N,N,N,N,N,N,N,Y,N,N,-114.104541005349,51.0580742047323,"(51.0580742047323, -114.104541005349)",,
Shaw Millennium Park,Skate Park,,1220 9 AV SW,Parks,Municipal,Parks,Parks,Shaw Millennium Park,https://www.calgary.ca/CSPS/Parks/Pages/Locations/Downtown-parks/Shaw-Millennium-Park.aspx,,,0,N,N,0,0,0,N,N,0,0,0,0,N,N,N,N,N,N,N,0,0,N,N,N,N,N,N,N,N,N,0,0,0,N,N,0,N,0,0,N,0,0,0,0,N,0,N,N,N,N,N,N,N,N,N,Y,N,N,N,-114.091870726129,51.0461282874336,"(51.0461282874336, -114.091870726129)",,
Prairie Winds Park,Outdoor Skating Rink,,223 CASTLERIDGE BV NE,Parks,Municipal,Parks,Parks,Prairie Winds Park,https://www.calgary.ca/CSPS/Parks/Pages/Locations/NE-parks/Prairie-Winds-Park.aspx,,Closed for renovations,0,N,N,0,0,0,N,N,0,0,0,0,N,N,N,N,N,N,N,0,0,N,N,N,N,N,N,N,N,N,0,0,0,N,N,0,N,0,0,N,0,0,0,0,N,0,N,N,N,N,N,N,N,N,N,Y,N,N,N,-113.970772630174,51.1046133993436,"(51.1046133993436, -113.970772630174)",,
Riley Park Wading Pool,Outdoor Wading Pool,,800 12 ST NW,Recreation,Municipal,Recreation,Recreation,Riley Park Wading Pool,https://www.calgary.ca/CSPS/Parks/Pages/Locations/NW-parks/Riley-Park.aspx,,,0,N,N,0,0,0,N,N,0,0,0,0,N,N,N,N,N,N,N,0,0,N,N,N,N,N,N,Y,N,N,0,0,0,N,N,0,N,0,0,N,0,0,0,0,N,0,N,N,N,N,N,N,N,N,N,Y,Y,N,N,-114.089173582526,51.0588546105,"(51.0588546105, -114.089173582526)",,
Canmore Spray Park,Spray Park,,2020 CHICOUTIMI DR SW,Parks,Municipal,Parks,Parks,Canmore Spray Park,https://www.calgary.ca/CSPS/Parks/Pages/Locations/NW-parks/Canmore-Park.aspx,<Null>,,0,N,N,0,0,0,N,N,0,0,0,0,N,N,N,N,N,N,N,0,0,N,N,N,N,N,N,N,Y,N,0,0,0,N,N,0,N,0,0,N,0,0,0,0,N,0,N,N,N,N,N,N,N,N,N,Y,Y,N,N,-114.109312401341,51.081068674532,"(51.081068674532, -114.109312401341)",,
New Brighton Skatepark,Skate Park,,5801 130 AV SE,Parks,Municipal,Parks,Parks,New Brighton Skatepark,https://www.calgary.ca/CSPS/Recreation/Pages/Skateparks/Home.aspx?redirect=/skateparks,,,0,N,N,0,0,0,N,N,0,0,0,0,N,N,N,N,N,N,N,0,0,N,N,N,N,N,N,N,N,N,0,0,0,N,N,0,N,0,0,N,0,0,0,0,N,0,N,N,N,N,N,N,N,N,N,N,N,N,N,-113.947185818414,50.9283524783775,"(50.9283524783775, -113.947185818414)",,
Variety Park Spray Park,Spray Park,,9035 24 ST SW,Parks,Municipal,Parks,Parks,Variety Park Spray Park,https://www.calgary.ca/CSPS/Parks/Pages/Locations/SW-parks/South-Glenmore-Park.aspx,,,0,N,N,0,0,0,N,N,0,0,0,0,N,N,N,N,N,N,N,0,0,N,N,N,N,N,N,N,Y,N,0,0,0,N,N,0,N,0,0,N,0,0,0,0,N,0,N,N,N,N,N,N,N,N,N,Y,Y,N,N,-114.121652880372,50.9742674679489,"(50.9742674679489, -114.121652880372)",,
Prairie Winds Park Wading Pool & Spray Park,Outdoor Wading Pool,,223 CASTLERIDGE BV NE,Parks,Municipal,Parks,Parks,Prairie Winds Park Wading Pool & Spray Park,https://www.calgary.ca/CSPS/Parks/Pages/Locations/NE-parks/Prairie-Winds-Park.aspx,,,0,N,N,0,0,0,N,N,0,0,0,0,N,N,N,N,N,N,N,0,0,N,N,N,N,N,N,Y,Y,N,0,0,0,N,N,0,N,0,0,N,0,0,0,0,N,0,N,N,N,N,N,N,N,N,N,Y,Y,N,N,-113.971147374418,51.1037750375539,"(51.1037750375539, -113.971147374418)",,
Eau Claire Plaza Wading Pool & Spray Park,Outdoor Wading Pool,,139 BARCLAY PR SW,Parks,Municipal,Parks,Parks,Eau Claire Plaza Wading Pool & Spray Park,https://www.calgary.ca/CSPS/Parks/Pages/Locations/Downtown-parks/Eau-Claire-Plaza.aspx,<Null>,,0,N,N,0,0,0,N,N,0,0,0,0,N,N,N,N,N,N,N,0,0,N,N,N,N,N,N,Y,Y,N,0,0,0,N,N,0,N,0,0,N,0,0,0,0,N,0,N,N,N,N,N,N,N,N,N,Y,Y,N,N,-114.069601008665,51.0533512196899,"(51.0533512196899, -114.069601008665)",,
Confederation Park Golf Course,Golf Course - Municipal,,3204 COLLINGWOOD DR NW,Recreation,Municipal,Recreation,Recreation,Confederation Park Golf Course,https://www.calgary.ca/CSPS/Recreation/Pages/Golf-courses/Confederation-Park.aspx,403-300-1002,"9 hole, driving range",0,N,N,0,0,0,N,N,0,0,0,0,N,N,N,N,N,N,N,0,0,N,N,N,N,N,N,N,N,N,0,0,0,N,N,0,N,0,0,N,0,0,0,0,N,0,N,N,Y,N,N,Y,Y,N,Y,Y,N,N,N,-114.101694926176,51.0791090325577,"(51.0791090325577, -114.101694926176)",,
Shouldice Arena,Arena,,1515 HOME RD NW,Recreation,Municipal,Recreation,Recreation,Shouldice Arena,https://www.calgary.ca/CSPS/Recreation/Pages/Arenas/Shouldice.aspx,403-268-2489,185'x85' ice rink / dry pad (150 seat cap),0,N,N,0,0,0,N,N,0,0,0,0,N,N,N,N,N,N,N,0,0,N,N,N,N,N,N,N,N,Y,1,0,0,N,N,0,Y,0,1,N,0,0,0,0,N,0,N,N,N,N,N,N,N,N,N,Y,N,N,N,-114.165429231963,51.0710702948452,"(51.0710702948452, -114.165429231963)",,
Glenmore Athletic Park,Athletic Park,,5300 19 ST SW,Recreation,Municipal,Recreation,Recreation,Glenmore Athletic Park,https://www.calgary.ca/csps/recreation/pages/athletic-parks/glenmore-athletic-park.aspx,403-268-2489,"5 soccer fields, 2 softball diamonds, 1 soccer/football field, touch football field, 4 flag football or a soccer field, baseball diamond, track, velodrome, shot put",0,N,N,0,0,0,N,N,0,0,0,0,N,N,N,N,N,N,N,0,0,N,N,N,N,N,N,N,N,N,0,0,0,N,N,0,N,0,0,N,0,0,0,0,Y,0,Y,Y,N,N,N,N,N,N,N,Y,N,N,N,-114.102677247221,51.0073985522768,"(51.0073985522768, -114.102677247221)",,
Calgary Elks Lodge & Golf Club,Golf Course - Semi-Private,,2502 6 ST NE,Private,Profit,Parks,Calgary Elks Lodge & Golf Club,Calgary Elks Lodge & Golf Club,https://www.calgaryelks.com/,403-276-7981,"18 hole, driving range",0,N,N,0,0,0,N,N,0,0,0,0,N,N,N,N,N,N,N,0,0,N,N,N,N,N,N,N,N,N,0,0,0,N,N,0,N,0,0,N,0,0,0,0,N,0,N,N,N,Y,Y,N,Y,N,N,N,N,Y,Y,-114.042789961092,51.075496276768,"(51.075496276768, -114.042789961092)",,
Southland (Ed Whalen Arena),Arena,,2000 SOUTHLAND DR SW,Recreation,Municipal,Recreation,Recreation,Ed Whalen and Joseph Kryczka Arenas,https://www.calgary.ca/CSPS/Recreation/Pages/Arenas/Ed-Whalen-and-Joe-Kryczka.aspx,403-268-2489,"189'x85' ice rink (388 seat cap), pro shop",0,N,N,0,0,0,N,N,0,0,0,0,N,N,N,N,N,N,N,0,0,N,N,N,N,N,N,N,N,Y,1,0,0,N,N,0,N,0,0,N,0,0,0,0,N,0,N,N,N,N,N,N,N,N,N,Y,N,N,N,-114.107363347817,50.9623707430896,"(50.9623707430896, -114.107363347817)",,
Mount Pleasant Sportsplex,Arena,,2408 6 ST NW,CA,Not-for-Profit,Parks,Mount Pleasant CA,Mount Pleasant Sportsplex,http://www.mpca.ca/index.php?option=com_content&view=article&id=59&Itemid=44,403-282-1314,Ice rink,0,N,N,0,0,0,N,N,0,0,0,0,N,N,N,N,N,N,N,0,0,N,N,N,N,N,N,N,N,Y,1,0,0,N,N,0,N,0,0,N,0,0,0,0,N,0,N,N,N,N,N,N,N,N,N,N,Y,N,N,-114.075440187257,51.0734176814686,"(51.0734176814686, -114.075440187257)",,
Woodbine Athletic Park,Athletic Park,,96 WOODFIELD DR SW,Recreation,Municipal,Recreation,Recreation,Woodbine Athletic Park,https://www.calgary.ca/CSPS/Recreation/Pages/Athletic-parks/Woodbine-Athletic-Park.aspx,403-268-2489,"2 soccer fields, 2 softball diamonds",0,N,N,0,0,0,N,N,0,0,0,0,N,N,N,N,N,N,N,0,0,N,N,N,N,N,N,N,N,N,0,0,0,N,N,0,N,0,0,N,0,0,0,0,Y,0,Y,N,N,N,N,N,N,N,N,Y,N,N,N,-114.11972479957,50.937368939897,"(50.937368939897, -114.11972479957)",,
Ernie Starr Arena,Arena,,4808 14 AV SE,Recreation,Municipal,Recreation,Recreation,Ernie Starr Arena,https://www.calgary.ca/CSPS/Recreation/Pages/Arenas/Ernie-Starr.aspx,403-268-2489,185'x85' ice rink (300 seat cap),0,N,N,0,0,0,N,N,0,0,0,0,N,N,N,N,N,N,N,0,0,N,N,N,N,N,N,N,N,Y,1,0,0,N,N,0,N,0,0,N,0,0,0,0,N,0,N,N,N,N,N,N,N,N,N,Y,N,N,N,-113.964927714611,51.0413687985538,"(51.0413687985538, -113.964927714611)",,
Calgary Canoe & Rowing Club,Canoe & Rowing Club,,7550 CROWCHILD TR SW,SRG,Not-for-Profit,Parks,Calgary Canoe Club,Calgary Canoe & Rowing Club,http://calgarycanoeclub.com/,403-246-5757,,0,N,N,0,0,0,N,N,0,0,0,0,N,N,N,N,N,N,N,0,0,N,N,N,N,N,N,N,N,N,0,0,0,N,N,0,N,0,0,N,0,0,0,0,N,0,N,N,N,N,N,N,N,N,N,N,Y,N,N,-114.117365885841,50.986475793243,"(50.986475793243, -114.117365885841)",,
Max Bell Arena,Arena,,1001 BARLOW TR SE,Recreation,Municipal,Recreation,Recreation,Max Bell Centre,https://www.calgary.ca/CSPS/Recreation/Pages/Arenas/Max-Bell-Centre.aspx,403-268-2489,"1 ice rink (2121 seat cap), 3 meeting rooms",0,N,N,0,0,3,N,N,0,0,0,0,N,N,N,N,N,N,N,0,0,N,N,N,N,N,N,N,N,Y,0,0,1,N,N,0,Y,0,1,N,0,0,0,0,N,0,N,N,N,N,N,N,N,N,N,Y,N,N,N,-114.004408687815,51.0419757623904,"(51.0419757623904, -114.004408687815)",,
Fox Hollow Golf Course,Golf Course - Public,,999 32 AV NE,Private,Profit,Parks,Fox Hollow Golf Course,Fox Hollow Golf Course,http://www.foxhollowcalgary.com/,403-277-4653,"18 hole, indoor driving range",0,N,N,0,0,0,N,N,0,0,0,0,N,N,N,N,N,N,N,0,0,N,N,N,N,N,N,N,N,N,0,0,0,N,N,0,N,0,0,N,0,0,0,0,N,0,N,N,Y,N,Y,N,N,Y,N,N,Y,N,Y,-114.031728907119,51.0746158156167,"(51.0746158156167, -114.031728907119)",,
Max Bell Arena,Arena,,1001 BARLOW TR SE,Recreation,Municipal,Recreation,Recreation,Max Bell Centre,http://www.calgary.ca/CSPS/Recreation/Pages/Arenas/Max-Bell-Centre.aspx,403-268-2489,1 ice rink,0,N,N,0,0,0,N,N,0,0,0,0,N,N,N,N,N,N,N,0,0,N,N,N,N,N,N,N,N,Y,0,1,0,N,N,0,N,0,0,N,0,0,0,0,N,0,N,N,N,N,N,N,N,N,N,Y,N,N,N,-114.003889398855,51.0422591661051,"(51.0422591661051, -114.003889398855)",,
Renfrew Athletic Park,Athletic Park,,810 13 AV NE,Recreation,Municipal,Recreation,Recreation,Renfrew Athletic Park,https://www.calgary.ca/CSPS/Recreation/Pages/Athletic-parks/Renfrew-Athletic-Park.aspx,403-268-2489,"2 soccer fields, fenced softball diamond, enclosed lit softball diamond",0,N,N,0,0,0,N,N,0,0,0,0,N,N,N,N,N,N,N,0,0,N,N,N,N,N,N,N,N,N,0,0,0,N,N,0,N,0,0,N,0,0,0,0,Y,0,Y,N,N,N,N,N,N,N,N,Y,N,N,N,-114.043918301457,51.0655890837516,"(51.0655890837516, -114.043918301457)",,
Frank McCool Arena,Arena,,1900 LAKE BONAVISTA DR SE,Recreation,Municipal,Recreation,Recreation,Frank McCool Arena,https://www.calgary.ca/CSPS/Recreation/Pages/Arenas/Frank-McCool.aspx,403-268-2489,"185'x85' ice rink (250 seat cap), meeting room",0,N,N,0,0,1,N,N,0,0,0,0,N,N,N,N,N,N,N,0,0,N,N,N,N,N,N,N,N,Y,1,0,0,N,N,0,N,0,0,N,0,0,0,0,N,0,N,N,N,N,N,N,N,N,N,Y,N,N,N,-114.050156978675,50.9360703503888,"(50.9360703503888, -114.050156978675)",,
Melcor YMCA at Crowfoot,Aquatic & Fitness Centre,,8100 JOHN LAURIE BV NW,RRC,Not-for-Profit,Parks,Crowfoot YMCA,Melcor YMCA at Crowfoot,http://www.ymcacalgary.org/program-descriptions/locations/crowfoot/,403-547-6576,"25m pool, teach pool, fitness/weights, gym, fitness studio, multi-purpose rooms, steam rooms, hot tubs",1,N,Y,1,2,0,Y,N,1,0,0,6,Y,N,N,N,N,N,N,0,0,N,Y,Y,N,N,N,N,N,N,0,0,0,N,N,0,N,0,0,N,0,0,0,0,N,0,N,N,N,N,N,N,N,N,N,N,Y,N,N,-114.195730843949,51.1288104172665,"(51.1288104172665, -114.195730843949)",,
Maple Ridge Golf Course,Golf Course - Municipal,,1240 MAPLEGLADE DR SE,Recreation,Municipal,Recreation,Recreation,Maple Ridge Golf Course,https://www.calgary.ca/CSPS/Recreation/Pages/Golf-courses/Maple-Ridge.aspx,403-300-1004,"18 hole, practice putting green",0,N,N,0,0,0,N,N,0,0,0,0,N,N,N,N,N,N,N,0,0,N,N,N,N,N,N,N,N,N,0,0,0,N,N,0,N,0,0,N,0,0,0,0,N,0,N,N,Y,N,Y,N,N,N,Y,Y,N,N,N,-114.032979798029,50.952302470546,"(50.952302470546, -114.032979798029)",,
Oakridge CA,Arena,,9504 OAKFIELD DR SW,CA,Not-for-Profit,Parks,Oakridge CA,Oakridge Community Association,http://www.oakridgecommunity.ca/,403-238-0007,"Ice rink, squash, hall",0,N,N,0,0,0,N,N,0,0,0,0,N,N,N,N,N,N,N,0,0,N,N,N,N,N,N,N,N,Y,1,0,0,N,N,0,N,0,0,Y,1,0,0,0,N,0,N,N,N,N,N,N,N,N,N,N,Y,N,N,-114.131738128112,50.968496033521,"(50.968496033521, -114.131738128112)",,
Richmond Green Golf Course,Golf Course - Municipal,,2539 33 AV SW,Recreation,Municipal,Recreation,Recreation,Richmond Green Golf Course,https://www.calgary.ca/CSPS/Recreation/Pages/Golf-courses/Richmond-Green.aspx,403-300-1006,9 hole,0,N,N,0,0,0,N,N,0,0,0,0,N,N,N,N,N,N,N,0,0,N,N,N,N,N,N,N,N,N,0,0,0,N,N,0,N,0,0,N,0,0,0,0,N,0,N,N,Y,N,N,Y,N,N,N,Y,N,N,N,-114.121921975328,51.0233812573123,"(51.0233812573123, -114.121921975328)",,
New Brighton Athletic Park,Athletic Park,,5801 130 AV SE,Recreation,Municipal,Recreation,Recreation,New Brighton Athletic Park,https://www.calgary.ca/CSPS/Recreation/Pages/Research-and-development/New-Brighton-Regional-Athletic-Park.aspx,403-268-2489,"4 multi-sport natural turf (2 football/rugby & 2 soccer/lacrosse/ultimate/field hockey), natural turf diamond, regional trail through park & 2 playgrounds",0,N,N,0,0,0,N,N,0,0,0,0,N,N,N,N,N,N,N,0,0,N,N,N,N,N,N,N,N,N,0,0,0,N,N,0,N,0,0,N,0,0,0,0,Y,0,Y,N,N,N,N,N,N,N,N,Y,N,N,N,-113.950623356038,50.9277260603203,"(50.9277260603203, -113.950623356038)",,
Optimist Athletic Park,Athletic Park,,5020 26 AV SW,Recreation,Municipal,Recreation,Recreation,Optimist Athletic Park,https://www.calgary.ca/CSPS/Recreation/Pages/Athletic-parks/Optimist-Athletic-Park.aspx,403-268-2489,"Soccer field, 2 field hockey fields, baseball diamond, 6 softball diamonds, 2 little league diamonds",0,N,N,0,0,0,N,N,0,0,0,0,N,N,N,N,N,N,N,0,0,N,N,N,N,N,N,N,N,N,0,0,0,N,N,0,N,0,0,N,0,0,0,0,Y,0,Y,N,N,N,N,N,N,N,N,Y,N,N,N,-114.161547461246,51.0332812631518,"(51.0332812631518, -114.161547461246)",,
Crowchild Twin Arenas,Arena,,185 SCENIC ACRES DR NW,SRG,Not-for-Profit,Parks,Crowchild Twin Arena Assoc.,Crowchild Twin Arenas,http://www.crowchildtwinarena.net/,403-239-0171,"2 ice rinks, 2 meeting rooms",0,N,N,0,0,2,N,N,0,0,0,0,N,N,N,N,N,N,N,0,0,N,N,N,N,N,N,N,N,Y,2,0,0,N,N,0,N,0,0,N,0,0,0,0,N,0,N,N,N,N,N,N,N,N,N,N,Y,N,N,-114.211718990565,51.112061205534,"(51.112061205534, -114.211718990565)",,
Shaganappi Golf Course,Golf Course - Municipal,,1200 26 ST SW,Recreation,Municipal,Recreation,Recreation,Shaganappi Point Golf Course,https://www.calgary.ca/CSPS/Recreation/Pages/Golf-courses/Shaganappi-Point.aspx,403-300-1007,"18 hole, 9 hole, putting green",0,N,N,0,0,0,N,N,0,0,0,0,N,N,N,N,N,N,N,0,0,N,N,N,N,N,N,N,N,N,0,0,0,N,N,0,N,0,0,N,0,0,0,0,N,0,N,N,Y,N,Y,Y,Y,N,Y,Y,N,N,N,-114.124778617383,51.0455008088225,"(51.0455008088225, -114.124778617383)",,
Calgary Soccer Centre,Soccer Centre,,7000 48 ST SE,Recreation,Municipal,Recreation,Recreation,Calgary Soccer Centre,https://www.calgary.ca/CSPS/Recreation/Pages/Calgary-Soccer-Centre/Calgary-Soccer-Centre.aspx,403-279-8453,"8 indoor regulation fields, 3 outdoor turf fields, natural outdoor turf field ",0,N,N,0,0,0,N,N,0,0,0,0,N,N,N,N,N,N,N,0,0,N,N,N,N,N,N,N,N,N,0,0,0,N,N,0,Y,8,0,N,0,0,0,0,Y,3,N,N,N,N,N,N,N,N,N,Y,N,N,N,-113.960928202277,50.9924432440799,"(50.9924432440799, -113.960928202277)",,
East Calgary Twin Arenas,Arena,,299 ERIN WOODS DR SE,SRG,Not-for-Profit,Parks,East Calgary Twin Arena Society,East Calgary Twin Arenas,http://www.eastcalgarytwinarenas.com/league.php?scriptName=HOME&leagueID=5759,403-273-8919,2 ice rinks,0,N,N,0,0,0,N,N,0,0,0,0,N,N,N,N,N,N,N,0,0,N,N,N,N,N,N,N,N,Y,2,0,0,N,N,0,N,0,0,N,0,0,0,0,N,0,N,N,N,N,N,N,N,N,N,N,Y,N,N,-113.964440498914,51.0265949581598,"(51.0265949581598, -113.964440498914)",,
Father David Bauer Arena,Arena,,2424 UNIVERSITY DR NW,Recreation,Municipal,Recreation,Recreation,Father David Bauer and Norma Bush Arenas,https://www.calgary.ca/CSPS/Recreation/Pages/Arenas/Father-David-Bauer-and-Norma-Bush.aspx,403-268-2489,"200'x100' ice rink (1750 seat cap), meeting room",0,N,N,0,0,1,N,N,0,0,0,0,N,N,N,N,N,N,N,0,0,N,N,N,N,N,N,N,N,Y,0,0,1,N,N,0,Y,0,1,N,0,0,0,0,N,0,N,N,N,N,N,N,N,N,N,Y,N,N,N,-114.126333236556,51.0737711222478,"(51.0737711222478, -114.126333236556)",,
Shouldice Athletic Park,Athletic Park,,1515 HOME RD NW,Recreation,Municipal,Recreation,Recreation,Shouldice Athletic Park,https://www.calgary.ca/CSPS/Recreation/Pages/Athletic-parks/Shouldice-Athletic-Park.aspx,403-268-2489,"3 artificial turf fields, 4 soccer fields, 5 softball diamonds, 3 soccer/football fields, 1 baseball diamond, 4 softball fields w/ fence/lights",0,N,N,0,0,0,N,N,0,0,0,0,N,N,N,N,N,N,N,0,0,N,N,N,N,N,N,N,N,N,0,0,0,N,N,0,N,0,0,N,0,0,0,0,Y,3,Y,N,N,N,N,N,N,N,N,Y,N,N,N,-114.169430407254,51.0739847410177,"(51.0739847410177, -114.169430407254)",,
Shouldice Aquatic Centre,Aquatic - Flat Water,1,5303 BOWNESS RD NW,Recreation,Municipal,Recreation,Recreation,Shouldice Aquatic Centre,https://www.calgary.ca/CSPS/Recreation/Pages/Pools/Shouldice.aspx,403-268-2489,"25m pool (6 lane), 1.5m slide, 1m & 3m dive, steam room",0,N,N,0,0,0,Y,N,1,0,0,6,N,N,N,N,Y,Y,N,1,0,N,Y,N,N,N,N,N,N,N,0,0,0,N,N,0,N,0,0,N,0,0,0,0,N,0,N,N,N,N,N,N,N,N,N,Y,N,N,N,-114.172002978393,51.0770847336323,"(51.0770847336323, -114.172002978393)",,
Southland (Joseph Kryczka Arena),Arena,,2000 SOUTHLAND DR SW,Recreation,Municipal,Recreation,Recreation,Ed Whalen and Joseph Kryczka Arenas,http://www.calgary.ca/CSPS/Recreation/Pages/Arenas/Ed-Whalen-and-Joe-Kryczka.aspx,403-268-2489,189'x85' ice rink (65 seat cap),0,N,N,0,0,0,N,N,0,0,0,0,N,N,N,N,N,N,N,0,0,N,N,N,N,N,N,N,N,Y,1,0,0,N,N,0,N,0,0,N,0,0,0,0,N,0,N,N,N,N,N,N,N,N,N,Y,N,N,N,-114.1076298876,50.9626925129066,"(50.9626925129066, -114.1076298876)",,
CKE Skatespot,Skate Park,,1015 73 AV SW,Parks,Municipal,Parks,Parks,CKE Skatespot,https://www.calgary.ca/CSPS/Recreation/Pages/Skateparks/Home.aspx?redirect=/skateparks,,,0,N,N,0,0,0,N,N,0,0,0,0,N,N,N,N,N,N,N,0,0,N,N,N,N,N,N,N,N,N,0,0,0,N,N,0,N,0,0,N,0,0,0,0,N,0,N,N,N,N,N,N,N,N,N,Y,N,N,N,-114.083914538484,50.9873594556113,"(50.9873594556113, -114.083914538484)",,
Jimmy Condon Arena,Arena,,502 HERITAGE DR SW,Recreation,Municipal,Recreation,Recreation,Rose Kohn and Jimmy Condon Arenas,http://www.calgary.ca/CSPS/Recreation/Pages/Arenas/Rose-Kohn-and-Jimmie-Condon.aspx,403-268-2489,185'x85' ice rink (60 seat cap),0,N,N,0,0,0,N,N,0,0,0,0,N,N,N,N,N,N,N,0,0,N,N,N,N,N,N,N,N,Y,1,0,0,N,N,0,N,0,0,N,0,0,0,0,N,0,N,N,N,N,N,N,N,N,N,Y,N,N,N,-114.074233369299,50.98033280754,"(50.98033280754, -114.074233369299)",,
Foothills Athletic Park,Athletic Park,,2424 UNIVERSITY DR NW,Recreation,Municipal,Recreation,Recreation,Foothills Athletic Park,https://www.calgary.ca/CSPS/Recreation/Pages/Athletic-parks/Foothills-Athletic-Park.aspx,403-268-2489,"Little league diamond, 4 soccer fields, track, long jump, pole vault, discus, javelin, shot put, 8 tennis courts",0,N,N,0,0,0,N,N,0,0,0,0,N,N,N,N,N,N,N,0,0,N,N,N,N,N,N,N,N,N,0,0,0,N,N,0,N,0,0,N,0,0,0,8,Y,0,Y,Y,N,N,N,N,N,N,N,Y,N,N,N,-114.124170586771,51.0732672755486,"(51.0732672755486, -114.124170586771)",,
Rotary Park Spray Park,Spray Park,,617 1 ST NE,Parks,Municipal,Parks,Parks,Rotary Park Spray Park,https://www.calgary.ca/CSPS/Parks/Pages/Locations/NE-parks/Rotary-Park.aspx,,,0,N,N,0,0,0,N,N,0,0,0,0,N,N,N,N,N,N,N,0,0,N,N,N,N,N,N,N,Y,N,0,0,0,N,N,0,N,0,0,N,0,0,0,0,N,0,N,N,N,N,N,N,N,N,N,Y,Y,N,N,-114.060504816354,51.0572965293455,"(51.0572965293455, -114.060504816354)",,
Wildflower Arts Centre,Art Centre,,3363 SPRUCE DR SW,Recreation,Municipal,Recreation,Recreation,Wildflower Arts Centre,https://www.calgary.ca/CSPS/Recreation/Pages/Arts-centres/Wildflower.aspx,403-249-3773,,0,N,N,0,0,0,N,N,0,0,0,0,N,N,N,N,N,N,N,0,0,N,N,N,N,N,N,N,N,N,0,0,0,N,N,0,N,0,0,N,0,0,0,0,N,0,N,N,N,N,N,N,N,N,N,Y,N,N,N,-114.135533823538,51.0462724115184,"(51.0462724115184, -114.135533823538)",,
Glenmore Sailing School,Sailing School,,8415 24 ST SW,Recreation,Municipal,Recreation,Recreation,Glenmore Sailing School,https://www.calgary.ca/CSPS/Recreation/Pages/Sailing-school/Glenmore-Sailing-School.aspx,403-268-2489,,0,N,N,0,0,0,N,N,0,0,0,0,N,N,N,N,N,N,N,0,0,N,N,N,N,N,N,N,N,N,0,0,0,N,N,0,N,0,0,N,0,0,0,0,N,0,N,N,N,N,N,N,N,N,N,Y,N,N,N,-114.119802022105,50.9751582328531,"(50.9751582328531, -114.119802022105)",,
Olympic Plaza,Outdoor Skating Rink,,228 8 AV SE,Parks,Municipal,Corporate Properties,Parks,Olympic Plaza,https://www.calgary.ca/CSPS/Parks/Pages/Locations/Downtown-parks/Olympic-Plaza.aspx,,,0,N,N,0,0,0,N,N,0,0,0,0,N,N,N,N,N,N,N,0,0,N,N,N,N,N,N,N,N,N,0,0,0,N,N,0,N,0,0,N,0,0,0,0,N,0,N,N,N,N,N,N,N,N,N,Y,N,N,N,-114.058935134036,51.0458299663338,"(51.0458299663338, -114.058935134036)",,
McKenzie Meadows Golf Club,Golf Course - Public,,17215 MCKENZIE MEADOWS DR SE,Private,Profit,McKenzie Meadows Golf Club,McKenzie Meadows Golf Club,McKenzie Meadows Golf Club,http://www.mckenziemeadows.com/,403-257-2255,"18 hole, driving range",0,N,N,0,0,0,N,N,0,0,0,0,N,N,N,N,N,N,N,0,0,N,N,N,N,N,N,N,N,N,0,0,0,N,N,0,N,0,0,N,0,0,0,0,N,0,N,N,N,Y,Y,N,Y,N,N,N,N,Y,Y,-114.00231720464,50.9009126637568,"(50.9009126637568, -114.00231720464)",,
Jack Setters Arena,Arena,,2020 69 AV SE,SRG,Not-for-Profit,Recreation,Millican Ogden CA,Jack Setters Arena,,403-236-3727,Ice rink,0,N,N,0,0,0,N,N,0,0,0,0,N,N,N,N,N,N,N,0,0,N,N,N,N,N,N,N,N,Y,1,0,0,Y,N,0,N,0,0,N,0,0,0,0,N,0,N,N,N,N,N,N,N,N,N,N,Y,N,N,-114.012414558028,50.9917561837725,"(50.9917561837725, -114.012414558028)",,
Bowness Park Lagoon,Outdoor Skating Rink,,8900 48 AV NW,Parks,Municipal,Parks,Parks,Bowness Park Lagoon,https://www.calgary.ca/CSPS/Parks/Pages/Locations/NW-parks/Bowness-Park.aspx,,,0,N,N,0,0,0,N,N,0,0,0,0,N,N,N,N,N,N,N,0,0,N,N,N,N,N,N,N,N,N,0,0,0,N,N,0,N,0,0,N,0,0,0,0,N,0,N,N,N,N,N,N,N,N,N,Y,N,N,N,-114.214717246982,51.0967920361672,"(51.0967920361672, -114.214717246982)",,
Huntington Hills Skatepark,Skate Park,,CENTRE ST & 64 AV NW,Parks,Municipal,Parks,Parks,Huntington Hills Skatepark,https://www.calgary.ca/CSPS/Recreation/Pages/Skateparks/Home.aspx?redirect=/skateparks,,,0,N,N,0,0,0,N,N,0,0,0,0,N,N,N,N,N,N,N,0,0,N,N,N,N,N,N,N,N,N,0,0,0,N,N,0,N,0,0,N,0,0,0,0,N,0,N,N,N,N,N,N,N,N,N,Y,N,N,N,-114.065232742822,51.111229622293,"(51.111229622293, -114.065232742822)",,
Lakeview Golf Course,Golf Course - Municipal,,6540 20 ST SW,Recreation,Municipal,Recreation,Recreation,Lakeview Golf Course,https://www.calgary.ca/CSPS/Recreation/Pages/Golf-courses/Lakeview.aspx,403-300-1003,"9 hole, practice putting green",0,N,N,0,0,0,N,N,0,0,0,0,N,N,N,N,N,N,N,0,0,N,N,N,N,N,N,N,N,N,0,0,0,N,N,0,N,0,0,N,0,0,0,0,N,0,N,N,Y,N,N,Y,N,N,N,Y,N,N,N,-114.106832180439,51.0005877054191,"(51.0005877054191, -114.106832180439)",,
North Mount Pleasant Arts Centre,Art Centre,,523 27 AV NW,Recreation,Municipal,Recreation,Recreation,North Mount Pleasant Arts Centre,https://www.calgary.ca/CSPS/Recreation/Pages/Arts-centres/North-Mount-Pleasant.aspx,403-221-3682,,0,N,N,0,0,0,N,N,0,0,0,0,N,N,N,N,N,N,N,0,0,N,N,N,N,N,N,N,N,N,0,0,0,N,N,0,N,0,0,N,0,0,0,0,N,0,N,N,N,N,N,N,N,N,N,Y,N,N,N,-114.07272552201,51.0767274243173,"(51.0767274243173, -114.07272552201)",,
Ernest Manning Athletic Park,Athletic Park,,20 SPRINGBOROUGH BV SW,Recreation,Municipal,Recreation,Recreation,Ernest Manning Athletic Park,https://www.calgary.ca/CSPS/Recreation/Pages/Athletic-parks/Ernest-Manning-athletic-park.aspx,403-268-2489,"Artificial turf for football, soccer, field lacrosse, ultimate, field hockey, rugby, special events/tournaments",0,N,N,0,0,0,N,N,0,0,0,0,N,N,N,N,N,N,N,0,0,N,N,N,N,N,N,N,N,N,0,0,0,N,N,0,N,0,0,N,0,0,0,0,Y,1,N,N,N,N,N,N,N,N,N,Y,N,N,N,-114.192145806971,51.0364232253408,"(51.0364232253408, -114.192145806971)",,
South Health Campus YMCA,Fitness Centre,,4448 FRONT ST SE,RRC,Not-for-Profit,AHS,South Health Campus YMCA,South Health Campus YMCA,http://www.ymcacalgary.org/program-descriptions/locations/south-health-campus/,403-956-3900,"Strength & conditioning centre, running track, climbing wall, multipurpose spaces",0,N,Y,0,2,0,N,N,0,0,0,0,N,N,N,N,N,N,N,0,0,N,N,N,N,Y,Y,N,N,N,0,0,0,N,N,0,N,0,0,N,0,0,0,0,N,0,N,N,N,N,N,N,N,N,N,N,Y,N,N,-113.950868793644,50.8819030703342,"(50.8819030703342, -113.950868793644)",,
Acadia Recreation Complex,Arena,,240 90 AV SE,CA,Not-for-Profit,Parks,Acadia CA,Acadia Recreation Complex,http://www.acadiaca.com/acadia-recreation-complex/,403-255-1252,"Ice rink, curling (10 sheets), 5 squash and racquetball courts",0,N,N,0,0,0,N,N,0,0,0,0,N,N,N,N,N,N,N,0,0,N,N,N,N,N,N,N,N,Y,1,0,0,N,Y,10,Y,0,1,Y,5,5,0,0,N,0,N,N,N,N,N,N,N,N,N,N,Y,N,N,-114.06521988449,50.9730444671255,"(50.9730444671255, -114.06521988449)",,
Frank McCool Athletic Park,Athletic Park,,1900 LAKE BONAVISTA DR SE,Recreation,Municipal,Recreation,Recreation,Frank McCool Athletic Park,https://www.calgary.ca/CSPS/Recreation/Pages/Athletic-parks/Frank-McCool-Athletic-Park.aspx,403-268-2489,"2 soccer fields, athletic field",0,N,N,0,0,0,N,N,0,0,0,0,N,N,N,N,N,N,N,0,0,N,N,N,N,N,N,N,N,N,0,0,0,N,N,0,N,0,0,N,0,0,0,0,Y,0,N,N,N,N,N,N,N,N,N,Y,N,N,N,-114.051413962759,50.9364770705833,"(50.9364770705833, -114.051413962759)",,
Rotary Challenger Park,Athletic Park,,3688 48 AV NE,Private,Not-for-Profit,Calgary Rotary Challenger Park Society,Calgary Rotary Challenger Park Society,Rotary Challenger Park,http://www.challengerpark.com/,403-250-2707,"Soccer pitch, 2 softball diamonds, track, 2 tennis courts, basketball court, weights",0,N,Y,0,0,0,N,N,0,0,0,0,N,N,N,N,N,N,N,0,0,N,N,N,N,N,N,N,N,N,0,0,0,N,N,0,N,0,0,N,0,0,0,2,Y,0,Y,Y,N,N,N,N,N,N,N,N,Y,N,Y,-113.983525250421,51.0991656892198,"(51.0991656892198, -113.983525250421)",,
Thorncliffe / Greenview CA,Arena,,5600 CENTRE ST NE,CA,Not-for-Profit,Parks,Thorncliffe / Greenview CA,Thorncliffe / Greenview CA,http://www.tgcacalgary.com/,403-274-6840,"Ice rink / dry pad, gym, 2 fitness rooms, 4 meeting rooms",1,N,N,2,0,4,N,N,0,0,0,0,N,N,N,N,N,N,N,0,0,N,N,N,N,N,N,N,N,Y,1,0,0,Y,N,0,Y,0,1,N,0,1,0,0,N,0,N,N,N,N,N,N,N,N,N,N,Y,N,N,-114.061759757676,51.1015422074992,"(51.1015422074992, -114.061759757676)",,
Brentwood Sportsplex,Arena,,1520B NORTHMOUNT DR NW,CA,Not-for-Profit,Recreation,Brentwood CA,Brentwood Sportsplex,http://www.brentwoodcommunity.com/,403-284-3477,"Ice rink, meeting room, banquet hall",0,N,N,0,0,1,N,N,0,0,0,0,N,N,N,N,N,N,N,0,0,N,N,N,N,N,N,N,N,Y,0,1,0,N,N,0,Y,0,1,N,0,0,0,0,N,0,N,N,N,N,N,N,N,N,N,N,Y,N,N,-114.13781139244,51.0975054985689,"(51.0975054985689, -114.13781139244)",,
Douglasdale Eaglequest Golf Course,Golf Course - Public,,7 DOUGLAS WOODS DR SE,Private,Profit,Douglasdale Eaglequest Golf Course,Douglasdale Eaglequest Golf Course,Douglasdale Eaglequest Golf Course,http://www.eaglequestgolf.com/douglasdale/,403-279-7913,"18 hole, driving range",0,N,N,0,0,0,N,N,0,0,0,0,N,N,N,N,N,N,N,0,0,N,N,N,N,N,N,N,N,N,0,0,0,N,N,0,N,0,0,N,0,0,0,0,N,0,N,N,N,Y,Y,N,Y,N,N,N,N,Y,Y,-114.003599075707,50.9457074394982,"(50.9457074394982, -114.003599075707)",,
Acadia Athletic Park,Athletic Park,,295 90 AV SE,Recreation,Municipal,Recreation,Recreation,Acadia Athletic Park,https://www.calgary.ca/CSPS/Recreation/Pages/Athletic-parks/Acadia-Athletic-Park.aspx,403-268-2489,"Sports field, two flag football fields",0,N,N,0,0,0,N,N,0,0,0,0,N,N,N,N,N,N,N,0,0,N,N,N,N,N,N,N,N,N,0,0,0,N,N,0,N,0,0,N,0,0,0,0,Y,0,N,N,N,N,N,N,N,N,N,Y,N,N,N,-114.062949105593,50.971025493846,"(50.971025493846, -114.062949105593)",,
Pop Davies Athletic Park,Athletic Park,,6415 OGDEN RD SE,Recreation,Municipal,Recreation,Recreation,Pop Davies Athletic Park,https://www.calgary.ca/CSPS/Recreation/Pages/Athletic-parks/Pop-Davies-Athletic-Park.aspx,403-268-2489,"2 soccer fields, 5 softball diamonds ",0,N,N,0,0,0,N,N,0,0,0,0,N,N,N,N,N,N,N,0,0,N,N,N,N,N,N,N,N,N,0,0,0,N,N,0,N,0,0,N,0,0,0,0,Y,0,Y,N,N,N,N,N,N,N,N,Y,N,N,N,-114.008573946203,50.9962681043227,"(50.9962681043227, -114.008573946203)",,
Bowness Community Centre,Arena,,7904 43 AV NW,CA,Not-for-Profit,Parks,Bowness CA,Bowness Community Centre,http://www.mybowness.com/,403-288-8300,"Ice rink, meeting room, main hall",0,N,N,0,0,1,N,N,0,0,0,0,N,N,N,N,N,N,N,0,0,N,N,N,N,N,N,N,N,Y,0,1,0,N,N,0,Y,0,1,N,0,0,0,0,N,0,N,N,N,N,N,N,N,N,N,N,Y,N,N,-114.200145275323,51.0916475420655,"(51.0916475420655, -114.200145275323)",,
Norma Bush Arena,Arena,,2424 UNIVERSITY DR NW,Recreation,Municipal,Recreation,Recreation,Father David Bauer and Norma Bush Arenas,http://www.calgary.ca/CSPS/Recreation/Pages/Arenas/Father-David-Bauer-and-Norma-Bush.aspx,403-268-2489,185'x85' ice rink (60 seat cap),0,N,N,0,0,0,N,N,0,0,0,0,N,N,N,N,N,N,N,0,0,N,N,N,N,N,N,N,N,Y,1,0,0,Y,N,0,N,0,0,N,0,0,0,0,N,0,N,N,N,N,N,N,N,N,N,Y,N,N,N,-114.125573563546,51.0734293543105,"(51.0734293543105, -114.125573563546)",,
Harvest Hills Golf Course,Golf Course - Public,,1450 HARVEST HILLS DR NE,Private,Profit,Harvest Hills Golf Course,Harvest Hills Golf Course,Harvest Hills Golf Course,http://www.harvesthillsgolf.com/,403-226-1203,9 hole,0,N,N,0,0,0,N,N,0,0,0,0,N,N,N,N,N,N,N,0,0,N,N,N,N,N,N,N,N,N,0,0,0,N,N,0,N,0,0,N,0,0,0,0,N,0,N,N,Y,N,N,Y,N,N,N,N,N,Y,Y,-114.043380701013,51.1505317917197,"(51.1505317917197, -114.043380701013)",,
Don Hartman North East Sportsplex,Arena,,5200 68 ST NE,SRG,Not-for-Profit,Parks,North East Sportsplex Society,Don Hartman North East Sportsplex,http://www.nesportsplex.com/,403-590-2444,"2 ice rinks, gym, fitness/weights",1,N,Y,0,0,0,N,N,0,0,0,0,N,N,N,N,N,N,N,0,0,N,N,N,N,N,N,N,N,Y,0,2,0,N,N,0,N,0,0,N,0,0,0,0,N,0,N,N,N,N,N,N,N,N,N,N,Y,N,N,-113.933589788185,51.1023424143518,"(51.1023424143518, -113.933589788185)",,
Fairview Arena,Arena,,8038 FAIRMONT DR SE,SRG,Not-for-Profit,Parks,Fairview Women's Hockey Arena Society,Fairview Arena,http://www.fairviewarena.com/,403-452-3082,Ice rink,0,N,N,0,0,0,N,N,0,0,0,0,N,N,N,N,N,N,N,0,0,N,N,N,N,N,N,N,N,Y,1,0,0,Y,N,0,Y,0,1,N,0,0,0,0,N,0,N,N,N,N,N,N,N,N,N,N,Y,N,N,-114.058735958128,50.9824769523798,"(50.9824769523798, -114.058735958128)",,
Tom Brook Athletic Park,Athletic Park,,2000 SOUTHLAND DR SW,Recreation,Municipal,Recreation,Recreation,Tom Brook Athletic Park,https://www.calgary.ca/CSPS/Recreation/Pages/Athletic-parks/Tom-Brook-Athletic-Park.aspx,403-268-2489,"Soccer field, softball diamond",0,N,N,0,0,0,N,N,0,0,0,0,N,N,N,N,N,N,N,0,0,N,N,N,N,N,N,N,N,N,0,0,0,N,N,0,N,0,0,N,0,0,0,0,Y,0,Y,N,N,N,N,N,N,N,N,Y,N,N,N,-114.10782080353,50.9638534018303,"(50.9638534018303, -114.10782080353)",,
Valley Ridge Golf Course,Golf Course - Semi-Private,,11618 VALLEY RIDGE PA NW,Private,Profit,Valley Ridge Golf Course,Valley Ridge Golf Course,Valley Ridge Golf Course,http://www.valleyridgegolf.com/,403-288-9457,"18 hole, driving range",0,N,N,0,0,0,N,N,0,0,0,0,N,N,N,N,N,N,N,0,0,N,N,N,N,N,N,N,N,N,0,0,0,N,N,0,N,0,0,N,0,0,0,0,N,0,N,N,N,Y,Y,N,Y,N,N,N,N,Y,Y,-114.252724891101,51.0991721473654,"(51.0991721473654, -114.252724891101)",,
George Blundun Arena,Arena,,5020 26 AV SW,Recreation,Municipal,Recreation,Recreation,Optimist and George Blundun Arenas,http://www.calgary.ca/CSPS/Recreation/Pages/Arenas/Optimist-and-George-Blundun.aspx,403-268-2489,185'x85' ice rink (200 seat cap),0,N,N,0,0,0,N,N,0,0,0,0,N,N,N,N,N,N,N,0,0,N,N,N,N,N,N,N,N,Y,1,0,0,N,N,0,N,0,0,N,0,0,0,0,N,0,N,N,N,N,N,N,N,N,N,Y,N,N,N,-114.160044888899,51.0319778601585,"(51.0319778601585, -114.160044888899)",,
Stew Hendry Arena,Arena,,810 13 AV NE,Recreation,Municipal,Recreation,Recreation,Stew Hendry and Henry Viney Arenas,https://www.calgary.ca/CSPS/Recreation/Pages/Arenas/Stew-Hendry-and-Henry-Viney.aspx,403-268-2489,185'x85' ice rink (400 seat cap),0,N,N,0,0,0,N,N,0,0,0,0,N,N,N,N,N,N,N,0,0,N,N,N,N,N,N,N,N,Y,1,0,0,N,N,0,Y,0,1,N,0,0,0,0,N,0,N,N,N,N,N,N,N,N,N,Y,N,N,N,-114.044691454886,51.0651771459899,"(51.0651771459899, -114.044691454886)",,
McCall Lake Golf Course,Golf Course - Municipal,,1600 32 AV NE,Recreation,Municipal,Recreation,Recreation,McCall Lake Golf Course,https://www.calgary.ca/CSPS/Recreation/Pages/Golf-courses/McCall-Lake.aspx,403-300-1005,"18 hole & 9 hole, driving range, practice putting green and chipping area",0,N,N,0,0,0,N,N,0,0,0,0,N,N,N,N,N,N,N,0,0,N,N,N,N,N,N,N,N,N,0,0,0,N,N,0,N,0,0,N,0,0,0,0,N,0,N,N,Y,N,Y,Y,Y,N,N,Y,N,N,N,-114.020740733119,51.0841744321962,"(51.0841744321962, -114.020740733119)",,
Forest Lawn Athletic Park,Athletic Park,,4808 14 AV SE,Recreation,Municipal,Recreation,Recreation,Forest Lawn Athletic Park,https://www.calgary.ca/CSPS/Recreation/Pages/Athletic-parks/Forest-Lawn-Athletic-Park.aspx,403-268-2489,Soccer,0,N,N,0,0,0,N,N,0,0,0,0,N,N,N,N,N,N,N,0,0,N,N,N,N,N,N,N,N,N,0,0,0,N,N,0,N,0,0,N,0,0,0,0,Y,0,N,N,N,N,N,N,N,N,N,Y,N,N,N,-113.962460668052,51.0417319826607,"(51.0417319826607, -113.962460668052)",,
Carburn Park,Outdoor Skating Rink,,67 RIVERVIEW DR SE,Parks,Municipal,Parks,Parks,Carburn Park,https://www.calgary.ca/CSPS/Parks/Pages/Locations/SE-parks/Carburn-Park.aspx,,,0,N,N,0,0,0,N,N,0,0,0,0,N,N,N,N,N,N,N,0,0,N,N,N,N,N,N,N,N,N,0,0,0,N,N,0,N,0,0,N,0,0,0,0,N,0,N,N,N,N,N,N,N,N,N,Y,N,N,N,-114.028765727628,50.9745845275787,"(50.9745845275787, -114.028765727628)",,
Triwood CA,Arena,,2244 CHICOUTIMI DR NW,CA,Not-for-Profit,Parks,Triwood CA,Triwood CA,http://www.triwoodcommunity.com/,403-282-2677,Ice rink,0,N,N,0,0,0,N,N,0,0,0,0,N,N,N,N,N,N,N,0,0,N,N,N,N,N,N,N,N,Y,1,0,0,N,N,0,Y,0,1,N,0,0,0,0,N,0,N,N,N,N,N,N,N,N,N,N,Y,N,N,-114.11087571095,51.0862532567818,"(51.0862532567818, -114.11087571095)",,
Prince's Island Lagoon,Outdoor Skating Rink,,25 PRINCE'S ISLAND PARK SW,Parks,Municipal,Parks,Parks,Prince's Island Lagoon,https://www.calgary.ca/CSPS/Parks/Pages/Locations/Downtown-parks/Princes-Island-Park.aspx,,,0,N,N,0,0,0,N,N,0,0,0,0,N,N,N,N,N,N,N,0,0,N,N,N,N,N,N,N,N,N,0,0,0,N,N,0,N,0,0,N,0,0,0,0,N,0,N,N,N,N,N,N,N,N,N,Y,N,N,N,-114.071532496406,51.054388499366,"(51.054388499366, -114.071532496406)",,
Henry Viney Arena,Arena,,810 13 AV NE,Recreation,Municipal,Recreation,Recreation,Stew Hendry and Henry Viney Arenas,http://www.calgary.ca/CSPS/Recreation/Pages/Arenas/Stew-Hendry-and-Henry-Viney.aspx,403-268-2489,185'x85' ice rink (150 seat cap) meeting room,0,N,N,0,0,1,N,N,0,0,0,0,N,N,N,N,N,N,N,0,0,N,N,N,N,N,N,N,N,Y,1,0,0,N,N,0,N,0,0,N,0,0,0,0,N,0,N,N,N,N,N,N,N,N,N,Y,N,N,N,-114.045399293656,51.0653817089811,"(51.0653817089811, -114.045399293656)",,
Blue Devil Golf Club,Golf Course - Public,,2300 194 AV SE,Private,Profit,Blue Devil Golf Club,Blue Devil Golf Club,Blue Devil Golf Club,http://www.bluedevilgolf.com/,403-452-7892,"18 hole, 9 hole short, driving range",0,N,N,0,0,0,N,N,0,0,0,0,N,N,N,N,N,N,N,0,0,N,N,N,N,N,N,N,N,N,0,0,0,N,N,0,N,0,0,N,0,0,0,0,N,0,N,N,N,Y,Y,Y,Y,N,N,N,N,Y,Y,-114.007179995076,50.884034899194,"(50.884034899194, -114.007179995076)",,
Village Square Arena #1,Arena,,2623 56 ST NE,Recreation,Municipal,Recreation,Recreation,Village Square Arenas,https://www.calgary.ca/CSPS/Recreation/Pages/Arenas/Village-Square.aspx,403-268-2489,"185'x85' ice rink, 2 meeting rooms",0,N,N,0,0,2,N,N,0,0,0,0,N,N,N,N,N,N,N,0,0,N,N,N,N,N,N,N,N,Y,1,0,0,N,N,0,N,0,0,N,0,0,0,0,N,0,N,N,N,N,N,N,N,N,N,Y,N,N,N,-113.954329878993,51.0755072296818,"(51.0755072296818, -113.954329878993)",,
WinSport,Multi-Sport Facility,,88 CANADA OLYMPIC RD SW,RRC,Not-for-Profit,WinSport,WinSport,WinSport,http://www.winsport.ca/,403-247-5452,,1,N,Y,0,0,0,N,N,0,0,0,0,N,N,N,N,N,N,N,0,0,N,N,N,N,N,N,N,N,Y,0,3,1,Y,N,0,N,0,0,N,0,0,0,0,N,0,N,N,N,N,N,N,N,N,N,N,Y,N,Y,-114.220888165858,51.0844829925066,"(51.0844829925066, -114.220888165858)",,
Lake Bonavista Recreation Centre,Arena,,1401 ACADIA DR SE,CA,Not-for-Profit,Recreation,Lake Bonavista CA,Lake Bonavista Recreation Centre,http://lbca.info/,403-271-7107,"2 ice rinks, gym, fitness studio, meeting rooms",1,N,N,1,0,2,N,N,0,0,0,0,N,N,N,N,N,N,N,0,0,N,N,N,N,N,N,N,N,Y,2,0,0,Y,N,0,N,0,0,N,0,0,4,0,N,0,N,N,N,N,N,N,N,N,N,N,Y,N,N,-114.049169370059,50.9368918540163,"(50.9368918540163, -114.049169370059)",,
Flames Community Arenas,Arena,,2390 47 AV SW,SRG,Not-for-Profit,South West Arena Society,South West Arena Society,Flames Community Arenas,http://www.flamesca.com/site/3333/page.asp?Site=9879&LeagueID=9879&page=news_basic,403-243-8484,"Ice rink, 2 meeting rooms",0,N,N,0,0,2,N,N,0,0,0,0,N,N,N,N,N,N,N,0,0,N,N,N,N,N,N,N,N,Y,1,1,1,Y,N,0,N,0,0,N,0,0,0,0,N,0,N,N,N,N,N,N,N,N,N,N,Y,N,N,-114.116369085066,51.0118569116474,"(51.0118569116474, -114.116369085066)",,
Huntington Hills CA,Arena,,520 78 AV NW,CA,Not-for-Profit,Parks,Huntington Hills CA,Huntington Hills CA,http://www.huntingtonhillscalgary.com/,403-275-6666,"Ice rink, curling (8 sheets), meeting room, main hall",0,N,N,0,0,1,N,N,0,0,0,0,N,N,N,N,N,N,N,0,0,N,N,N,N,N,N,N,N,Y,1,0,0,Y,Y,8,N,0,0,N,0,0,0,0,N,0,N,N,N,N,N,N,N,N,N,N,Y,N,N,-114.072342776998,51.1237493651091,"(51.1237493651091, -114.072342776998)",,
Great Plains Recreation Facility,Arena,,5749 76 AV SE,RRC,Not-for-Profit,Recreation,Canlan Ice Sports,Great Plains Recreation Facility,http://www.icesports.com/greatplains/home.aspx,403-476-5500,,0,N,N,0,0,0,N,N,0,0,0,0,N,N,N,N,N,N,N,0,0,N,N,N,N,N,N,N,N,Y,2,0,0,N,N,0,N,0,0,N,0,0,0,0,N,0,N,N,N,N,N,N,N,N,N,N,N,N,N,-113.947867180346,50.9843978156638,"(50.9843978156638, -113.947867180346)",,
Bob Bahan Aquatic & Fitness Centre,Aquatic & Fitness Centre,2,4812 14 AV SE,Recreation,Municipal,Recreation,Recreation,Bob Bahan Aquatic & Fitness Centre,https://www.calgary.ca/CSPS/Recreation/Pages/Pools/Bob-Bahan.aspx,403-268-2489,"25m pool (6 lane), 1.5m slide & 1m dive tank, hot tub, steam room, fitness/weights, studio",0,N,Y,1,0,0,Y,N,1,0,0,6,N,N,N,N,Y,Y,N,1,0,N,Y,Y,N,N,N,N,N,N,0,0,0,N,N,0,N,0,0,N,0,0,0,0,N,0,N,N,N,N,N,N,N,N,N,Y,N,N,N,-113.963961256934,51.0412981508481,"(51.0412981508481, -113.963961256934)",,
Southland Leisure Centre,Leisure Centre - Municipal,,2000 SOUTHLAND DR SW,Recreation,Municipal,Recreation,Recreation,Southland Leisure Centre,https://www.calgary.ca/CSPS/Recreation/Pages/Leisure-centres/Southland.aspx,403-648-6555,"2 ice rinks, wave pool, slides, fitness/weights, racquet ball, squash, gym, climbing wall, gymnastics, hot tub, steam room",2,Y,Y,1,0,0,Y,N,0,0,0,0,N,Y,N,N,N,N,N,0,1,N,Y,Y,N,Y,N,N,N,Y,2,0,0,N,N,0,Y,0,2,Y,3,2,0,0,N,0,N,N,N,N,N,N,N,N,N,Y,N,N,N,-114.108520550688,50.9622887586411,"(50.9622887586411, -114.108520550688)",,
Stu Peppard Arena,Arena,,5320 19 ST SW,Recreation,Municipal,Recreation,Recreation,Stu Peppard Arena,https://www.calgary.ca/CSPS/Recreation/Pages/Arenas/Stu-Peppard.aspx,403-268-2489,185'x85' ice rink (550 seat cap),0,N,N,0,0,0,N,N,0,0,0,0,N,N,N,N,N,N,N,0,0,N,N,N,N,N,N,N,N,Y,1,0,0,N,N,0,Y,0,1,N,0,0,0,0,N,0,N,N,N,N,N,N,N,N,N,Y,N,N,N,-114.103735511953,51.0063869884291,"(51.0063869884291, -114.103735511953)",,
Beltline Aquatic & Fitness Centre,Aquatic & Fitness Centre,1,221 12 AV SW,Recreation,Municipal,Recreation,Recreation,Beltline Aquatic & Fitness Centre,https://www.calgary.ca/CSPS/Recreation/Pages/Pools/Beltline.aspx,403-268-2489,"18m (4 lane), sauna, climbing wall, gym, fitness/weight, studio",1,N,Y,1,0,0,Y,N,0,0,1,4,N,N,N,N,N,N,N,0,0,N,N,N,Y,N,N,N,N,N,0,0,0,N,N,0,N,0,0,N,0,0,0,0,N,0,N,N,N,N,N,N,N,N,N,Y,N,N,N,-114.066958086159,51.0412405816103,"(51.0412405816103, -114.066958086159)",,
Inglewood Aquatic Centre,Aquatic - Flat Water,1,1525 17 AV SE,Recreation,Municipal,Recreation,Recreation,Inglewood Aquatic Centre,https://www.calgary.ca/CSPS/Recreation/Pages/Pools/Inglewood.aspx,403-268-2489,"25m pool (6 lane),  aquatic climbing wall, 2m slide, rope swing",0,N,N,0,0,0,Y,N,1,0,0,6,N,N,N,N,N,N,N,0,1,Y,N,N,N,Y,N,N,N,N,0,0,0,N,N,0,N,0,0,N,0,0,0,0,N,0,N,N,N,N,N,N,N,N,N,Y,N,N,N,-114.02866184245,51.0374409685699,"(51.0374409685699, -114.02866184245)",,
Foothills Aquatic Centre,Aquatic - Flat Water,1,2424 UNIVERSITY DR NW,Recreation,Municipal,Recreation,Recreation,Foothills Aquatic Centre,https://www.calgary.ca/CSPS/Recreation/Pages/Pools/Foothills.aspx,403-268-2489,"25m pool (6 lane), wading pool, dive pool w/ 1.5m slide",0,N,N,0,0,0,Y,N,1,0,0,6,N,N,N,Y,Y,N,N,1,0,N,N,N,N,N,N,N,N,N,0,0,0,N,N,0,N,0,0,N,0,0,0,0,N,0,N,N,N,N,N,N,N,N,N,Y,N,N,N,-114.125442884227,51.0740997750809,"(51.0740997750809, -114.125442884227)",,
Canyon Meadows Aquatic & Fitness Centre,Aquatic & Fitness Centre,2,89 CANOVA RD SW,Recreation,Municipal,Recreation,Recreation,Canyon Meadows Aquatic & Fitness Centre,https://www.calgary.ca/CSPS/Recreation/Pages/Pools/Canyon-Meadows.aspx,403-268-2489,"25m pool (6 lane), 1m dive tank & 1.5m slide, hot tub, steam room, fitness/weights, studio",0,N,Y,1,0,0,Y,N,1,0,0,6,N,N,N,N,Y,N,N,1,0,N,Y,Y,N,N,N,N,N,N,0,0,0,N,N,0,N,0,0,N,0,0,0,0,N,0,N,N,N,N,N,N,N,N,N,Y,N,N,N,-114.089515751003,50.9484029214909,"(50.9484029214909, -114.089515751003)",,
Renfrew Aquatic & Recreation Centre,Aquatic & Recreation Centre,2,810 13 AV NE,Recreation,Municipal,Recreation,Recreation,Renfrew Aquatic & Recreation Centre,https://www.calgary.ca/CSPS/Recreation/Pages/Pools/Renfrew.aspx,403-268-2489,"25m pool (6 lane), dive pool w/ 1m board, hot tub, steam room, fitness/weight",0,N,Y,0,0,0,Y,N,1,0,0,6,N,N,N,N,Y,Y,N,0,0,N,Y,Y,N,N,N,N,N,N,0,0,0,N,N,0,N,0,0,N,0,0,0,0,N,0,N,N,N,N,N,N,N,N,N,Y,N,N,N,-114.045472562524,51.0645569031819,"(51.0645569031819, -114.045472562524)",,
Acadia Aquatic & Fitness Centre,Aquatic & Fitness Centre,1,9009 FAIRMOUNT DR SE,Recreation,Municipal,Recreation,Recreation,Acadia Aquatic & Fitness Centre,https://www.calgary.ca/CSPS/Recreation/Pages/Pools/Acadia.aspx,403-268-2489,"25m pool (6 lane), 2-2m slides, rope swing, fitness/weight, multi-purpose room",0,N,Y,0,1,0,Y,N,1,0,0,6,N,N,N,N,N,N,N,0,1,Y,N,N,N,N,N,N,N,N,0,0,0,N,N,0,N,0,0,N,0,0,0,0,N,0,N,N,N,N,N,N,N,N,N,Y,N,N,N,-114.060157838762,50.9734774879604,"(50.9734774879604, -114.060157838762)",,
Sir Winston Churchill Aquatic & Rec Ctr,Aquatic & Recreation Centre,2,1520 NORTHMOUNT DR NW,Recreation,Municipal,Recreation,Recreation,Sir Winston Churchill Aquatic & Recreation Centre,https://www.calgary.ca/CSPS/Recreation/Pages/Pools/Sir-Winston-Churchill.aspx,403-268-2489,"25m pool (6 lane), hot tub, steam room, weight room",0,N,Y,0,0,0,Y,N,1,0,0,6,N,N,N,N,N,N,N,0,0,N,Y,Y,N,N,N,N,N,N,0,0,0,N,N,0,N,0,0,N,0,0,0,0,N,0,N,N,N,N,N,N,N,N,N,Y,N,N,N,-114.137918172675,51.0968837980896,"(51.0968837980896, -114.137918172675)",,
Thornhill Aquatic & Recreation Centre,Aquatic & Recreation Centre,2,6715 CENTRE ST NW,Recreation,Municipal,Recreation,Recreation,Thornhill Aquatic & Recreation Centre,https://www.calgary.ca/CSPS/Recreation/Pages/Pools/Thornhill.aspx,403-268-2489,"25m pool (6 lane), 1m dive tank, hot tub, steam room, fitness/weights, fitness studio/multi-purpose room",0,N,Y,1,1,0,Y,N,1,0,0,6,N,N,N,N,Y,Y,N,0,0,N,Y,Y,N,N,N,N,N,N,0,0,0,N,N,0,N,0,0,N,0,0,0,0,N,0,N,N,N,N,N,N,N,N,N,Y,N,N,N,-114.065290019646,51.1125702714431,"(51.1125702714431, -114.065290019646)",,
Village Square Leisure Centre,Leisure Centre - Municipal,,2623 56 ST NE,Recreation,Municipal,Recreation,Recreation,Village Square Leisure Centre,https://www.calgary.ca/CSPS/Recreation/Pages/Leisure-centres/Village-Square.aspx,403-366-3900,"2 ice rinks, wave pool, slides, dive tank, hot tub, steam room, Splash Zone, gym, weight room, dance studio, fitness rooms",1,N,Y,2,0,2,Y,N,0,0,0,0,N,Y,N,N,Y,Y,N,0,3,Y,Y,Y,N,N,N,N,N,Y,2,0,0,N,N,0,Y,0,2,N,0,0,0,0,N,0,N,N,N,N,N,N,N,N,N,Y,N,N,N,-113.954437449996,51.0760141056374,"(51.0760141056374, -113.954437449996)",,
Glenmore Aquatic Centre,Aquatic - Flat Water,1,5330 19 ST SW,Recreation,Municipal,Recreation,Recreation,Glenmore Aquatic Centre,https://www.calgary.ca/CSPS/Recreation/Pages/Pools/Glenmore.aspx,403-268-2489,"25m pool (6 lane), 1m dive tank & 2m slide dive, hot tub, multi-purpose room",0,N,N,0,1,0,Y,N,1,0,0,6,N,N,N,N,Y,Y,N,1,0,N,N,Y,N,N,N,N,N,N,0,0,0,N,N,0,N,0,0,N,0,0,0,0,N,0,N,N,N,N,N,N,N,N,N,Y,N,N,N,-114.105411484525,51.0062350028935,"(51.0062350028935, -114.105411484525)",,
Killarney Aquatic & Recreation Centre,Aquatic & Recreation Centre,2,1919 29 ST SW,Recreation,Municipal,Recreation,Recreation,Killarney Aquatic & Recreation Centre,https://www.calgary.ca/CSPS/Recreation/Pages/Pools/Killarney.aspx,403-268-2489,"25m pool (6 lane), teach pool, 1m dive tank, hot tub, steam room, fitness/weights, fitness studio, multi-purpose room",0,N,Y,0,1,0,Y,N,1,0,0,6,Y,N,N,N,Y,Y,N,0,0,N,Y,Y,N,N,N,N,N,N,0,0,0,N,N,0,N,0,0,N,0,0,0,0,N,0,N,N,N,N,N,N,N,N,N,Y,N,N,N,-114.130294632021,51.037363684198,"(51.037363684198, -114.130294632021)",,
Repsol Sport Centre,Leisure Centre,,2225 MACLEOD TR SE,Civic Partner,Not-for-Profit,Recreation,Lindsay Park Sports Society,Repsol Sport Centre,http://www.repsolsportcentre.com/,403-233-8393,"2 - 50m pools, teach pool, dive tank, 5 gyms, track, fitness/weights, 2 fitness studios, racquetball, badminton, hot tub, stream room",5,N,Y,5,0,0,Y,N,0,2,0,8,Y,N,N,N,Y,Y,Y,0,0,N,Y,Y,N,N,Y,N,N,N,0,0,0,N,N,0,N,0,0,Y,0,0,10,0,N,0,N,N,N,N,N,N,N,N,N,N,Y,N,N,-114.063344262124,51.0345768477997,"(51.0345768477997, -114.063344262124)",,
Deer Run Skatespot,Skate Park,,2223 146 AV SE,Parks,Municipal,Parks,Parks,Deer Run Skatespot,https://www.calgary.ca/CSPS/Recreation/Pages/Skateparks/Home.aspx?redirect=/skateparks,,,0,N,N,0,0,0,N,N,0,0,0,0,N,N,N,N,N,N,N,0,0,N,N,N,N,N,N,N,N,N,0,0,0,N,N,0,N,0,0,N,0,0,0,0,N,0,N,N,N,N,N,N,N,N,N,Y,N,N,N,-114.007747041228,50.9222337155549,"(50.9222337155549, -114.007747041228)",,
Genesis Centre of Community Wellness,Leisure Centre,,7556 FALCONRIDGE BV NE,RRC,Not-for-Profit,Parks,North East Centre of Community Society,Genesis Centre of Community Wellness,http://www.genesis-centre.ca/,403-590-2833,"2 field houses (1 dry pad), gym, 2 multi-purpose rooms, soccer pitches",4,N,N,0,2,0,N,N,0,0,0,0,N,N,N,N,N,N,N,0,0,N,N,N,N,N,N,N,N,N,0,0,0,N,N,0,Y,0,2,N,0,0,0,0,Y,0,N,N,N,N,N,N,N,N,N,N,Y,N,N,-113.949281227686,51.1206773746699,"(51.1206773746699, -113.949281227686)",,
Shawnessy YMCA,Aquatic & Fitness Centre,,#400 333 SHAWVILLE BV SE,RRC,Not-for-Profit,Parks,Shawnessy YMCA,Shawnessy YMCA,http://www.ymcacalgary.org/program-descriptions/locations/shawnessy/,403-256-5533,"Pool, teach pool, fitness/weights, gym, running track, fitness studio, multi-purpose room, climbing wall, hot tub, steam rooms",1,N,Y,1,1,0,Y,N,1,0,0,6,Y,N,N,N,N,N,N,0,0,N,Y,Y,N,Y,Y,N,N,N,0,0,0,N,N,0,N,0,0,N,0,0,0,0,N,0,N,N,N,N,N,N,N,N,N,N,Y,N,N,-114.064552019017,50.8981140701689,"(50.8981140701689, -114.064552019017)",,
Trico Centre for Family Wellness,Leisure Centre,,11150 BONAVENTURE DR SE,RRC,Not-for-Profit,Parks,Family Leisure Center Assoc. of SE,Trico Centre for Family Wellness,http://www.tricocentre.ca/,403-278-7542,"2 ice rinks, running track, fitness/weights, gym, 3 fitness studios, hot tub, steam room, wave pool, meeting rooms",1,N,Y,2,5,6,Y,N,0,0,0,0,N,Y,N,N,N,N,N,0,0,N,Y,Y,N,N,Y,N,N,Y,0,2,0,N,N,0,N,0,0,N,0,0,0,0,N,0,Y,N,N,N,N,N,N,N,N,N,Y,N,N,-114.058946531891,50.9522460637359,"(50.9522460637359, -114.058946531891)",,
Westside Recreation Centre,Leisure Centre,,2000 69 ST SW,RRC,Not-for-Profit,Recreation,Westside Regional Recreation Society,Westside Recreation Centre,http://www.westsiderec.com/,403-531-5875,"Ice rink, waterslide, lazy river, tot pool, slide, climbing wall, fitness/weights, fitness studio, track, 2 gyms, hot tub, water slide, steam room, wave pool",3,N,Y,5,0,0,Y,N,1,0,0,4,N,Y,N,Y,N,N,N,0,1,N,Y,Y,N,Y,Y,N,N,Y,0,1,0,N,N,0,N,0,0,N,0,0,2,0,Y,0,N,N,N,N,N,N,N,N,N,N,Y,N,N,-114.185565556987,51.0357133960991,"(51.0357133960991, -114.185565556987)",,
Vivo for Healthier Generations,Leisure Centre,,11950 COUNTRY VILLAGE LI NE,RRC,Not-for-Profit,Corporate Properties,Nose Creek Sports & Rec Association,Vivo for Healthier Generations,http://www.vivo.ca,403-532-1013,"2 ice rinks, 2 - 25m pools, tots pool, fitness/weights, 3 gyms, badminton, climbing wall, multi-purpose room, steam room, hot tub",3,N,Y,0,0,1,Y,N,1,0,0,2,N,N,N,Y,N,N,N,0,0,N,Y,Y,N,Y,N,N,N,Y,0,2,0,N,N,0,N,0,0,Y,0,0,3,0,Y,0,N,N,N,N,N,N,N,N,N,N,Y,N,N,-114.065547132538,51.159518986803,"(51.159518986803, -114.065547132538)",,
Saddletowne YMCA,Aquatic & Fitness Centre,,7556 FALCONRIDGE BV NE,RRC,Not-for-Profit,Parks,Saddletowne YMCA,Saddletowne YMCA,http://www.ymcacalgary.org/program-descriptions/locations/saddletowne/,403-237-2393,"25m pool, teach pool, fitness/weights, track, gym, climbing wall, 2 fitness studios, hot tub, steam rooms",1,N,Y,2,0,0,Y,N,1,0,0,6,Y,N,N,N,N,N,N,0,0,N,Y,Y,N,Y,Y,N,N,N,0,0,0,N,N,0,N,0,0,N,0,0,0,0,N,0,N,N,N,N,N,N,N,N,N,N,Y,N,N,-113.947845790078,51.1203134774108,"(51.1203134774108, -113.947845790078)",,
Mid-Sun Skatespot,Skate Park,,50 MIDPARK RI SE,Parks,Municipal,Parks,Parks,Mid-Sun Skatespot,https://www.calgary.ca/CSPS/Recreation/Pages/Skateparks/Home.aspx?redirect=/skateparks,,,0,N,N,0,0,0,N,N,0,0,0,0,N,N,N,N,N,N,N,0,0,N,N,N,N,N,N,N,N,N,0,0,0,N,N,0,N,0,0,N,0,0,0,0,N,0,N,N,N,N,N,N,N,N,N,Y,N,N,N,-114.056626428036,50.9146001976506,"(50.9146001976506, -114.056626428036)",,
Cardel Rec South,Leisure Centre,,#101 333 SHAWVILLE BV SE,RRC,Not-for-Profit,Parks,South Fish Creek Rec Association,Cardel Rec South,http://www.sfcra.com/,403-201-8652,"4 ice rinks, gymnasium, 3 multi-purpose meeting rooms, Shawnessy YMCA",1,N,N,0,3,3,N,N,0,0,0,0,N,N,N,N,N,N,N,0,0,N,N,N,N,N,N,N,N,Y,0,4,0,N,N,0,N,0,0,N,0,0,0,0,N,0,N,N,N,N,N,N,N,N,N,N,Y,N,N,-114.063667875721,50.8970182972339,"(50.8970182972339, -114.063667875721)",,
Gray Family Eau Claire YMCA,Aquatic & Fitness Centre,,101 3 ST SW,RRC,Not-for-Profit,Eau Claire YMCA,Eau Claire YMCA,Gray Family Eau Claire YMCA,http://www.ymcacalgary.org/program-descriptions/locations/eau-claire/,403-269-6701,"25m pool, training pool, fitness/weights, track, gym, squash courts, 2 fitness studios, steam rooms, hot tubs",1,N,Y,2,1,0,Y,N,1,0,0,6,Y,N,N,N,N,N,N,0,0,N,Y,Y,N,Y,Y,N,N,N,0,0,0,N,N,0,N,0,0,Y,4,0,0,0,N,0,N,N,N,N,N,N,N,N,N,N,Y,N,N,-114.070815982779,51.052765602443,"(51.052765602443, -114.070815982779)",,
Remington YMCA in Quarry Park,Aquatic & Fitness Centre,,108 QUARRY PARK RD SE,RRC,Not-for-Profit,Recreation,Remington YMCA,Remington YMCA in Quarry Park,https://www.ymcacalgary.org/program-descriptions/locations/quarry-park/,403-351-6678,,1,N,Y,1,2,0,Y,N,1,0,0,6,N,N,N,N,N,N,N,0,0,N,Y,Y,N,N,N,N,N,N,0,0,0,N,N,0,N,0,0,N,0,0,0,0,N,0,N,N,N,N,N,N,N,N,N,N,N,N,N,-114.006091749531,50.9617471769241,"(50.9617471769241, -114.006091749531)",,
Highwood Outdoor & Wading Pool,Outdoor Pool,,20 HARLOW AV NW,Private,Not-for-Profit,Recreation,COSPA,Highwood Outdoor & Wading Pool,https://www.calgaryoutdoorpools.ca/calgary-outdoor-swimming-pools/highwood-outdoor-pool,403-221-3574,"25m pool (6 lane), wading pool",0,N,N,0,0,0,N,Y,1,0,0,6,N,N,N,N,N,N,N,0,0,N,N,N,N,N,N,Y,N,N,0,0,0,N,N,0,N,0,0,N,0,0,0,0,N,0,N,N,N,N,N,N,N,N,N,Y,Y,N,N,-114.077889520475,51.092148339422,"(51.092148339422, -114.077889520475)",,
South Calgary Outdoor Pool,Outdoor Pool,,1626 32 AV SW,Private,Not-for-Profit,Recreation,COSPA,South Calgary Outdoor Pool,https://www.calgaryoutdoorpools.ca/calgary-outdoor-swimming-pools/south-calgary-outdoor-pool,403-221-3513,23m pool (6 lane),0,N,N,0,0,0,N,Y,1,0,0,6,N,N,N,N,N,N,N,0,0,N,N,N,N,N,N,N,N,N,0,0,0,N,N,0,N,0,0,N,0,0,0,0,N,0,N,N,N,N,N,N,N,N,N,Y,Y,N,N,-114.098870070673,51.0252503710515,"(51.0252503710515, -114.098870070673)",,
Forest Lawn Outdoor Pool,Outdoor Pool,,1706 39 ST SE,Private,Not-for-Profit,Recreation,COSPA,Forest Lawn Outdoor Pool,https://www.calgaryoutdoorpools.ca/calgary-outdoor-swimming-pools/forest-lawn-outdoor-pool,403-221-3573,"25m pool (8 lane), wading pool, spray park",0,N,N,0,0,0,N,Y,1,0,0,8,N,N,N,N,N,N,N,0,0,N,N,N,N,N,N,Y,N,N,0,0,0,N,N,0,N,0,0,N,0,0,0,0,N,0,N,N,N,N,N,N,N,N,N,Y,Y,N,N,-113.976380168586,51.0387545682927,"(51.0387545682927, -113.976380168586)",,
Mount Pleasant Outdoor Pool,Outdoor Pool,,630 22 AV NW,Private,Not-for-Profit,Recreation,COSPA,Mount Pleasant Outdoor Pool,https://www.calgaryoutdoorpools.ca/calgary-outdoor-swimming-pools/mount-pleasant-outdoor-pool,403-221-4288,Free form pool,0,N,N,0,0,0,N,Y,0,0,0,0,N,N,Y,N,N,N,N,0,0,N,N,N,N,N,N,N,N,N,0,0,0,N,N,0,N,0,0,N,0,0,0,0,N,0,N,N,N,N,N,N,N,N,N,Y,Y,N,N,-114.075564821722,51.0728644590098,"(51.0728644590098, -114.075564821722)",,
Millican-Ogden Outdoor Pool,Outdoor Pool,,6901 20A ST SE,Private,Not-for-Profit,Recreation,COSPA,Millican-Ogden Outdoor Pool,https://www.calgaryoutdoorpools.ca/calgary-outdoor-swimming-pools/millican-ogden-outdoor-pool,403-221-3598,25m pool (8 lane),0,N,N,0,0,0,N,Y,1,0,0,8,N,N,N,N,N,N,N,0,0,N,N,N,N,N,N,N,N,N,0,0,0,N,N,0,N,0,0,N,0,0,0,0,N,0,N,N,N,N,N,N,N,N,N,Y,Y,N,N,-114.011820594465,50.9912301568819,"(50.9912301568819, -114.011820594465)",,
Stanley Park Outdoor & Wading Pool,Outdoor Pool,,4011 1A ST SW,Private,Not-for-Profit,Recreation,COSPA,Stanley Park Outdoor & Wading Pool,https://www.calgaryoutdoorpools.ca/calgary-outdoor-swimming-pools/stanley-park-outdoor-pool,403-221-3577,"25m pool (8 lane), wading pool, spray park",0,N,N,0,0,0,N,Y,1,0,0,8,N,N,N,N,N,N,N,0,0,N,N,N,N,N,N,Y,N,N,0,0,0,N,N,0,N,0,0,N,0,0,0,0,N,0,N,N,N,N,N,N,N,N,N,Y,Y,N,N,-114.069297410515,51.0172058657435,"(51.0172058657435, -114.069297410515)",,
Silver Springs Outdoor Pool,Outdoor Pool,,5720 SILVER RIDGE DR NW,CA,Recreation,Recreation,Silver Springs CA,Silver Springs Outdoor Pool,http://sscacalgary.weebly.com/pool.html,403-288-2616,Outdoor pool,0,N,N,0,0,0,N,Y,1,0,0,6,N,N,N,N,N,N,N,0,0,N,N,N,N,N,N,N,N,N,0,0,0,N,N,0,N,0,0,N,0,0,0,0,N,0,N,N,N,N,N,N,N,N,N,Y,Y,N,N,-114.192341289565,51.1040438849087,"(51.1040438849087, -114.192341289565)",,
Bowview Outdoor Pool,Outdoor Pool,,1910 6 AV NW,Private,Not-for-Profit,Recreation,COSPA,Bowview Outdoor Pool,https://www.calgaryoutdoorpools.ca/calgary-outdoor-swimming-pools/bowview-outdoor-pool,403-221-3571,"25m pool (6 lane), wading pool",0,N,N,0,0,0,N,Y,1,0,0,6,N,N,N,N,N,N,N,0,0,N,N,N,N,N,N,Y,N,N,0,0,0,N,N,0,N,0,0,N,0,0,0,0,N,0,N,N,N,N,N,N,N,N,N,Y,Y,N,N,-114.102969780169,51.0579702722884,"(51.0579702722884, -114.102969780169)",,
Bowness Park Wading Pool,Outdoor Wading Pool,,8900 48 AV NW,Parks,Municipal,Parks,Parks,Bowness Park Wading Pool,https://www.calgary.ca/CSPS/Parks/Pages/Locations/NW-parks/Bowness-Park.aspx,,,0,N,N,0,0,0,N,N,0,0,0,0,N,N,N,N,N,N,N,0,0,N,N,N,N,N,N,Y,N,N,0,0,0,N,N,0,N,0,0,N,0,0,0,0,N,0,N,N,N,N,N,N,N,N,N,Y,Y,N,N,-114.211582222855,51.0972445752977,"(51.0972445752977, -114.211582222855)",,
Village Square Arena #2,Arena,,2623 56 ST NE,Recreation,Municipal,Recreation,Recreation,Village Square Arenas,https://www.calgary.ca/CSPS/Recreation/Pages/Arenas/Village-Square.aspx,403-268-2489,185'x85' ice rink,0,N,N,0,0,0,N,N,0,0,0,0,N,N,N,N,N,N,N,0,0,N,N,N,N,N,N,N,N,Y,1,0,0,N,N,0,N,0,0,N,0,0,0,0,N,0,N,N,N,N,N,N,N,N,N,Y,N,N,N,-113.954907552614,51.0754860584727,"(51.0754860584727, -113.954907552614)",,
Vecova Centre for Disability Services and Research,Leisure Centre,,3304 33 ST NW,RRC,Not-for-Profit,Corporate Properties,Vecova Centre for Disability Services and Research,Vecova Centre for Disability Services and Research,https://vecova.ca/social-enterprise/recreation-centre/,403-284-2231,"Salt-water pool, gym, 3 studios, 3 multi-purpose rooms",1,N,N,3,3,0,Y,N,0,0,0,0,N,N,Y,N,N,N,N,0,0,N,N,N,N,N,N,N,N,N,0,0,0,N,N,0,N,0,0,N,0,0,0,0,N,0,N,N,N,N,N,N,N,N,N,N,Y,N,N,-114.132557206528,51.0822075816673,"(51.0822075816673, -114.132557206528)",,
,,,,,,,,,,,,,,,,,,,,,,,,,,,,,,,,,,,,,,,,,,,,,,,,,,,,,,,,,,,,,,,,,,,,,,,,,,,
,,,,,,,,,,,,,,,,,,,,,,,,,,,,,,,,,,,,,,,,,,,,,,,,,,,,,,,,,,,,,,,,,,,,,,,,,,,